{
  "rnn": {
    "parameter_count": 16952,
    "noise": {
      "clean": {
        "1": {
          "rmse": 0.2755245535405665,
          "mae": 0.19511488894404547
        },
        "3": {
          "rmse": 0.27549444384327987,
          "mae": 0.19506319064170416
        },
        "5": {
          "rmse": 0.2754839507820606,
          "mae": 0.19504636261101818
        }
      },
      "noise_std_0.1": {
        "1": {
          "rmse": 0.275524856469902,
          "mae": 0.1951161375805052
        },
        "3": {
          "rmse": 0.27549468286648265,
          "mae": 0.19506474769255283
        },
        "5": {
          "rmse": 0.275484110455822,
          "mae": 0.19504790931458912
        }
      },
      "noise_std_0.3": {
        "1": {
          "rmse": 0.2755315150338124,
          "mae": 0.19513562799900042
        },
        "3": {
          "rmse": 0.27549687825857005,
          "mae": 0.1950797168277968
        },
        "5": {
          "rmse": 0.27548660221191196,
          "mae": 0.19506286357710875
        }
      },
      "noise_std_0.5": {
        "1": {
          "rmse": 0.2760089914342571,
          "mae": 0.19565231497820626
        },
        "3": {
          "rmse": 0.2759744861414004,
          "mae": 0.19559478632010155
        },
        "5": {
          "rmse": 0.27596228713449134,
          "mae": 0.19558017987544538
        }
      }
    }
  },
  "lstm": {
    "parameter_count": 59192,
    "noise": {
      "clean": {
        "1": {
          "rmse": 0.275462173895999,
          "mae": 0.19409718785247015
        },
        "3": {
          "rmse": 0.2754386240603512,
          "mae": 0.19394935165395022
        },
        "5": {
          "rmse": 0.2754290269407084,
          "mae": 0.19392199928494117
        }
      },
      "noise_std_0.1": {
        "1": {
          "rmse": 0.27547061951932006,
          "mae": 0.19426169344841487
        },
        "3": {
          "rmse": 0.2754468348917357,
          "mae": 0.19411479169649004
        },
        "5": {
          "rmse": 0.27543765123208275,
          "mae": 0.19408761135590974
        }
      },
      "noise_std_0.3": {
        "1": {
          "rmse": 0.27570050581782557,
          "mae": 0.19531203097822056
        },
        "3": {
          "rmse": 0.27571379160291726,
          "mae": 0.19520911982307554
        },
        "5": {
          "rmse": 0.275753587518974,
          "mae": 0.19522828034069278
        }
      },
      "noise_std_0.5": {
        "1": {
          "rmse": 0.2901478793670868,
          "mae": 0.21291835505445383
        },
        "3": {
          "rmse": 0.29100342534440427,
          "mae": 0.2138129061177189
        },
        "5": {
          "rmse": 0.29262744199853935,
          "mae": 0.21546881337508203
        }
      }
    }
  },
  "gru": {
    "parameter_count": 45112,
    "noise": {
      "clean": {
        "1": {
          "rmse": 0.27545846702174215,
          "mae": 0.1945956083118924
        },
        "3": {
          "rmse": 0.27541729172997836,
          "mae": 0.19415536592304544
        },
        "5": {
          "rmse": 0.2754245183734154,
          "mae": 0.19400400723226494
        }
      },
      "noise_std_0.1": {
        "1": {
          "rmse": 0.27551546906552127,
          "mae": 0.1947366138773731
        },
        "3": {
          "rmse": 0.27545855219138027,
          "mae": 0.19428824209527337
        },
        "5": {
          "rmse": 0.2754648604198678,
          "mae": 0.19412908151078598
        }
      },
      "noise_std_0.3": {
        "1": {
          "rmse": 0.27574144203769985,
          "mae": 0.1951389369449524
        },
        "3": {
          "rmse": 0.27566188104596984,
          "mae": 0.1946873130610564
        },
        "5": {
          "rmse": 0.27567263091221844,
          "mae": 0.1945445136328005
        }
      },
      "noise_std_0.5": {
        "1": {
          "rmse": 0.2759109430209855,
          "mae": 0.1952824950985616
        },
        "3": {
          "rmse": 0.2758224555477031,
          "mae": 0.19484252712424743
        },
        "5": {
          "rmse": 0.2758503881656611,
          "mae": 0.1947244186912912
        }
      }
    }
  },
  "lnn": {
    "parameter_count": 14392,
    "noise": {
      "clean": {
        "1": {
          "rmse": 0.27550763883376045,
          "mae": 0.1948472357466098
        },
        "3": {
          "rmse": 0.2754766766579614,
          "mae": 0.1947625297404038
        },
        "5": {
          "rmse": 0.27546586536451334,
          "mae": 0.1947229963119688
        }
      },
      "noise_std_0.1": {
        "1": {
          "rmse": 0.2755433669975878,
          "mae": 0.19544933373953421
        },
        "3": {
          "rmse": 0.2755127807106828,
          "mae": 0.19536403341573103
        },
        "5": {
          "rmse": 0.2755022038474735,
          "mae": 0.19532463433224162
        }
      },
      "noise_std_0.3": {
        "1": {
          "rmse": 0.2786319929622468,
          "mae": 0.2019029913762412
        },
        "3": {
          "rmse": 0.278693767770404,
          "mae": 0.20194042836323675
        },
        "5": {
          "rmse": 0.27879635811281117,
          "mae": 0.20206998486645472
        }
      },
      "noise_std_0.5": {
        "1": {
          "rmse": 0.2884064822461943,
          "mae": 0.2135940711184086
        },
        "3": {
          "rmse": 0.2887958222015722,
          "mae": 0.21394330356053115
        },
        "5": {
          "rmse": 0.2889939829363913,
          "mae": 0.21416839063271773
        }
      }
    }
  }
}