{
  "model": "gru",
  "task": "next_step",
  "parameter_count": 43537,
  "rollout": {
    "clean": {
      "1": {
        "rmse": 0.09870458985429226,
        "mae": 0.06295985366594466
      },
      "3": {
        "rmse": 0.098647791323509,
        "mae": 0.06297230374013474
      },
      "5": {
        "rmse": 0.09856656784093501,
        "mae": 0.06297597708547974
      }
    },
    "noise_std_0.01": {
      "1": {
        "rmse": 0.09870863459482045,
        "mae": 0.06296719335420443
      },
      "3": {
        "rmse": 0.09865365406536238,
        "mae": 0.06298322925878533
      },
      "5": {
        "rmse": 0.0985724160580509,
        "mae": 0.06298728674449743
      }
    },
    "noise_std_0.02": {
      "1": {
        "rmse": 0.09872531351653742,
        "mae": 0.06300188129598312
      },
      "3": {
        "rmse": 0.09867436873003668,
        "mae": 0.06302018950460168
      },
      "5": {
        "rmse": 0.09859210716614315,
        "mae": 0.06302459428617566
      }
    },
    "noise_std_0.05": {
      "1": {
        "rmse": 0.09883095484737232,
        "mae": 0.06320987226045088
      },
      "3": {
        "rmse": 0.09878310751760411,
        "mae": 0.06324373613649606
      },
      "5": {
        "rmse": 0.0987025905453303,
        "mae": 0.06325107708951196
      }
    }
  }
}