{
  "model": "lnn",
  "task": "next_step",
  "parameter_count": 13265,
  "rollout": {
    "1": {
      "rmse": 0.09880329815545447,
      "mae": 0.0631525377189218
    },
    "2": {
      "rmse": 0.09876181385211473,
      "mae": 0.06315882519178254
    },
    "3": {
      "rmse": 0.09875112164267978,
      "mae": 0.06317198571958901
    },
    "5": {
      "rmse": 0.09868204287053223,
      "mae": 0.06319271309819406
    }
  }
}