{
  "model": "lstm",
  "task": "next_step",
  "parameter_count": 57169,
  "rollout": {
    "1": {
      "rmse": 0.10063052057132607,
      "mae": 0.06758575403361304
    },
    "2": {
      "rmse": 0.10062671615080246,
      "mae": 0.06764569907805186
    },
    "3": {
      "rmse": 0.10067069136947197,
      "mae": 0.06774244269545725
    },
    "5": {
      "rmse": 0.10077002385221934,
      "mae": 0.06801016120024313
    }
  }
}