{
  "model": "rnn",
  "task": "next_step",
  "parameter_count": 16273,
  "rollout": {
    "1": {
      "rmse": 0.09883342410381185,
      "mae": 0.06362283589517004
    },
    "2": {
      "rmse": 0.09881013451356756,
      "mae": 0.0636490659963091
    },
    "3": {
      "rmse": 0.09881756761747687,
      "mae": 0.06369427626174065
    },
    "5": {
      "rmse": 0.09878964181859981,
      "mae": 0.06379745832378585
    }
  }
}