{
  "rnn": {
    "parameter_count": 16273,
    "noise": {
      "clean": {
        "1": {
          "rmse": 0.09883342410381185,
          "mae": 0.06362283589517004
        },
        "3": {
          "rmse": 0.09881756761747687,
          "mae": 0.06369427626174065
        },
        "5": {
          "rmse": 0.09878964181859981,
          "mae": 0.06379745832378585
        }
      },
      "noise_std_0.01": {
        "1": {
          "rmse": 0.09884519858818974,
          "mae": 0.0636425408264165
        },
        "3": {
          "rmse": 0.0988288415952239,
          "mae": 0.06371413786850784
        },
        "5": {
          "rmse": 0.0988004962739503,
          "mae": 0.06381879417964652
        }
      },
      "noise_std_0.02": {
        "1": {
          "rmse": 0.09887663795504086,
          "mae": 0.06370939342896506
        },
        "3": {
          "rmse": 0.09886141273453299,
          "mae": 0.06378249318641697
        },
        "5": {
          "rmse": 0.09883512944831724,
          "mae": 0.06388692013865988
        }
      },
      "noise_std_0.05": {
        "1": {
          "rmse": 0.09903586912288756,
          "mae": 0.06403598507886676
        },
        "3": {
          "rmse": 0.09905290229501106,
          "mae": 0.06416920113182134
        },
        "5": {
          "rmse": 0.09903862656012936,
          "mae": 0.06428566813048874
        }
      }
    }
  },
  "lstm": {
    "parameter_count": 57169,
    "noise": {
      "clean": {
        "1": {
          "rmse": 0.10063052057132607,
          "mae": 0.06758575403361304
        },
        "3": {
          "rmse": 0.10067069136947197,
          "mae": 0.06774244269545725
        },
        "5": {
          "rmse": 0.10077002385221934,
          "mae": 0.06801016120024313
        }
      },
      "noise_std_0.01": {
        "1": {
          "rmse": 0.10063511087140695,
          "mae": 0.06758891322474628
        },
        "3": {
          "rmse": 0.10067516970337825,
          "mae": 0.06774558157337324
        },
        "5": {
          "rmse": 0.10077577037023912,
          "mae": 0.06801652365154856
        }
      },
      "noise_std_0.02": {
        "1": {
          "rmse": 0.10065384613662035,
          "mae": 0.06761631751313099
        },
        "3": {
          "rmse": 0.100690231571741,
          "mae": 0.067767322546044
        },
        "5": {
          "rmse": 0.10079013511710933,
          "mae": 0.06803620690919375
        }
      },
      "noise_std_0.05": {
        "1": {
          "rmse": 0.10073086025326566,
          "mae": 0.06768830875811252
        },
        "3": {
          "rmse": 0.100783542004153,
          "mae": 0.06786126659492309
        },
        "5": {
          "rmse": 0.10089012497786926,
          "mae": 0.06813620923861541
        }
      }
    }
  },
  "gru": {
    "parameter_count": 43537,
    "noise": {
      "clean": {
        "1": {
          "rmse": 0.09870458985429226,
          "mae": 0.06295985366594466
        },
        "3": {
          "rmse": 0.098647791323509,
          "mae": 0.06297230374013474
        },
        "5": {
          "rmse": 0.09856656784093501,
          "mae": 0.06297597708547974
        }
      },
      "noise_std_0.01": {
        "1": {
          "rmse": 0.09871110814158704,
          "mae": 0.06296963612268931
        },
        "3": {
          "rmse": 0.09865401701607339,
          "mae": 0.06298350694987365
        },
        "5": {
          "rmse": 0.0985737287738839,
          "mae": 0.06298886908396788
        }
      },
      "noise_std_0.02": {
        "1": {
          "rmse": 0.09873185099806704,
          "mae": 0.06301198904183312
        },
        "3": {
          "rmse": 0.098672868722517,
          "mae": 0.06301992538650592
        },
        "5": {
          "rmse": 0.09859270348642671,
          "mae": 0.06302587478697015
        }
      },
      "noise_std_0.05": {
        "1": {
          "rmse": 0.09882102815690609,
          "mae": 0.06318936164870625
        },
        "3": {
          "rmse": 0.09877755917215164,
          "mae": 0.06323107191750094
        },
        "5": {
          "rmse": 0.09870632932515425,
          "mae": 0.06324793750826817
        }
      }
    }
  },
  "lnn": {
    "parameter_count": 13265,
    "noise": {
      "clean": {
        "1": {
          "rmse": 0.09880329815545447,
          "mae": 0.0631525377189218
        },
        "3": {
          "rmse": 0.09875112164267978,
          "mae": 0.06317198571958901
        },
        "5": {
          "rmse": 0.09868204287053223,
          "mae": 0.06319271309819406
        }
      },
      "noise_std_0.01": {
        "1": {
          "rmse": 0.0988086594550026,
          "mae": 0.06316127846391278
        },
        "3": {
          "rmse": 0.09875675987150447,
          "mae": 0.06318212819996083
        },
        "5": {
          "rmse": 0.09868808988980711,
          "mae": 0.06320468669865052
        }
      },
      "noise_std_0.02": {
        "1": {
          "rmse": 0.09882582898132235,
          "mae": 0.06318960984938349
        },
        "3": {
          "rmse": 0.09877070808622046,
          "mae": 0.06320736304599796
        },
        "5": {
          "rmse": 0.0987034990245666,
          "mae": 0.06323007327840519
        }
      },
      "noise_std_0.05": {
        "1": {
          "rmse": 0.09891579887008439,
          "mae": 0.06335610151254743
        },
        "3": {
          "rmse": 0.09886609045814525,
          "mae": 0.06339111193628982
        },
        "5": {
          "rmse": 0.09880511383901913,
          "mae": 0.06342258401660666
        }
      }
    }
  }
}